,media,date,A1,A2,"agreement 
(K & R)","AQ related
Both 1",url,heading,matches
0,Hindu,2019-03-17,1,1,1,1,https://www.thehindu.com/news/cities/Kochi/no-major-change-in-pollution-levels-in-kochi/article26557376.ece,No major change in pollution levels in Kochi,"{'air quality': 1, 'pm10': 2, 'pm 2.5': 1, 'pm2.5': 1}"
1,TOI,2017-02-14,1,1,1,1,http://timesofindia.indiatimes.com//city/gurgaon/gurugram-countrys-most-polluted-city-again/articleshow/57135691.cms,Gurugram country’s most polluted city again,"{'air quality': 3, 'aqi': 1, 'pm2.5': 2, 'air pollution': 1}"
2,TOI,2016-12-01,1,0,0,0,http://timesofindia.indiatimes.com//home/environment/global-warming/Union-Cabinet-approves-Indias-Kigali-stand-on-hydrofluorocarbons/articleshow/55717741.cms,Union Cabinet approves India's Kigali stand on hydrofluorocarbons,"{'ozone': 2, 'carbon dioxide': 1}"
3,TOI,2011-11-21,1,1,1,1,http://timesofindia.indiatimes.com//city/mumbai/8-of-people-in-Mumbai-Thane-hit-by-COPD/articleshow/10811042.cms,"8% of people in Mumbai, Thane hit by COPD","{'air pollution': 2, 'carbon dioxide': 1}"
4,TOI,2018-08-28,1,1,1,1,http://timesofindia.indiatimes.com//city/mumbai/china-pollution-study-rings-alarm-for-india/articleshow/65569252.cms,China pollution study rings alarm for India,{'air pollution': 10}
5,Hindu,2016-05-14,1,1,1,1,https://www.thehindu.com/opinion/letters/Air-quality-report/article14317460.ece,Air quality report,{'air pollution': 1}
6,TOI,2018-10-20,1,1,1,1,http://timesofindia.indiatimes.com//city/ludhiana/how-punjab-and-haryanas-shot-at-saving-water-destroyed-delhis-air-quality/articleshow/66288980.cms,How Punjab and Haryana's shot at saving water destroyed Delhi's air quality,"{'air quality': 1, 'stubble burning': 6}"
7,TOI,2020-04-17,1,1,1,1,http://timesofindia.indiatimes.com//city/nagpur/subsidies-for-fossil-fuel-increases-while-for-renewables-it-falls-report/articleshow/75189506.cms,Subsidies for fossil fuel increases while for renewables it falls: Report,"{'air pollution': 1, 'sulphur dioxide': 1, 'so2': 1}"
8,TOI,2013-12-05,1,1,1,1,http://timesofindia.indiatimes.com//city/mumbai/Noise-barrier-for-Pedder-Road-flyover/articleshow/26870633.cms,Noise barrier for Pedder Road flyover,{'air pollution': 2}
9,Hindu,2017-11-09,1,1,1,1,https://www.thehindu.com/opinion/editorial/capital-crisis/article20005352.ece,Capital crisis: on Delhi's deteriorating air quality,"{'air quality': 2, 'pm2.5': 2, 'smog': 2}"
10,TOI,2020-01-18,1,1,1,1,http://timesofindia.indiatimes.com//city/agra/cold-wave-grips-agra-region-temp-dips-6-notches-below-normal/articleshow/73338691.cms,"Cold wave grips Agra region, temp dips 6 notches below normal",{'air quality': 2}
11,Hindu,2017-11-20,1,1,1,1,https://www.thehindu.com/news/cities/Delhi/poll-routs-fail-to-dampen-aaps-cheer-as-it-has-much-to-celebrate/article20557261.ece,Poll routs fail to dampen AAP’s cheer as it has much to celebrate,{'air pollution': 1}
12,TOI,2014-01-05,1,0,0,0,http://timesofindia.indiatimes.com//city/delhi/Prolonged-dense-fog-to-affect-flights/articleshow/28413541.cms,Prolonged dense fog to affect flights,{'smog': 1}
13,TOI,2012-09-16,1,1,1,1,http://timesofindia.indiatimes.com//city/nagpur/Ozone-day-programmes-at-activists-treehouse-today/articleshow/16415192.cms,Ozone day programmes at activist's treehouse today,{'ozone': 2}
14,Hindu,2015-12-06,1,1,1,1,https://www.thehindu.com/news/cities/Delhi/cheif-justice-of-india-virtually-endorses-policy-on-restrictions-on-pvt-vehicles/article7954954.ece,CJI favours even-odd scheme to curb pollution; Kejriwal welcomes,"{'air quality': 1, 'odd even': 2}"
15,Hindu,2020-10-02,1,1,1,1,https://www.thehindu.com/news/cities/Delhi/rai-seeks-action-against-thermal-plants-brick-kilns/article32748198.ece,"Rai seeks action against thermal plants, brick kilns ","{'air pollution': 2, 'stubble burning': 2}"
16,TOI,2019-10-16,1,1,1,1,http://timesofindia.indiatimes.com//city/kolkata/pwd-to-begin-environment-impact-survey-of-tallah-bridge/articleshow/71608174.cms,PWD to begin environment impact survey of Tallah Bridge,{'air pollution': 2}
17,Hindu,2016-05-24,1,1,1,1,https://www.thehindu.com/news/cities/Kochi/world-driving-away-from-diesel-vehicles/article8638908.ece,World driving away from diesel vehicles,"{'air pollution': 2, 'acid rain': 1, 'air quality': 1}"
18,TOI,2016-03-16,1,1,1,1,http://timesofindia.indiatimes.com//city/kolkata/Wake-up-and-smell-the-air-green-crusader-tells-state/articleshow/51417765.cms,"Wake up and smell the air, green crusader tells state",{'air pollution': 1}
19,Hindu,2015-12-18,1,1,1,1,https://www.thehindu.com/news/cities/bangalore/no-night-show-for-skywatchers-here/article8002364.ece,No night show for skywatchers here,"{'smog': 3, 'air pollution': 3}"
20,TOI,2014-02-03,1,1,1,1,http://timesofindia.indiatimes.com//city/pune/New-norms-to-bring-uniformity-in-chronic-obstructive-pulmonary-disease-care/articleshow/29789053.cms,New norms to bring uniformity in chronic obstructive pulmonary disease care,{'air pollution': 1}
21,TOI,2016-01-13,1,1,1,1,http://timesofindia.indiatimes.com//city/hyderabad/City-may-have-to-follow-odd-even-rule/articleshow/50555042.cms,`City may have to follow odd-even rule',"{'air quality': 3, 'aqi': 2}"
22,TOI,2015-12-19,1,1,1,1,http://timesofindia.indiatimes.com//city/bengaluru/HC-wants-state-to-look-at-Delhi-model-to-check-pollution/articleshow/50241831.cms,HC wants state to look at Delhi model to check pollution,{'air pollution': 1}
23,TOI,2020-04-24,1,1,1,1,http://timesofindia.indiatimes.com//city/chennai/quiet-t-nagar-bleeds-rs-135cr/day-but-locals-thrive/articleshow/75334358.cms,"Quiet T Nagar bleeds Rs 135 crore per day, but locals thrive",{'air pollution': 1}
24,Hindu,2016-11-16,1,1,1,1,https://www.thehindu.com/news/cities/Delhi/Trucks-to-enter-Delhi-only-after-midnight-L-G/article16643181.ece,Trucks to enter Delhi only after midnight: L-G,"{'air pollution': 2, 'pm 2.5': 1, 'pm 10': 1}"
25,Hindu,2019-11-07,1,1,1,1,https://www.thehindu.com/opinion/op-ed/pollution-as-a-pr-opportunity/article29902201.ece,Pollution as a PR opportunity,"{'smog': 1, 'crop burning': 1, 'air pollution': 1}"
26,TOI,2015-04-14,1,1,1,1,http://timesofindia.indiatimes.com//city/mumbai/100-roads-dug-up-all-at-once-Mumbaikars-furious/articleshow/46914438.cms,"100 roads dug up all at once, Mumbaikars furious",{'air pollution': 1}
27,Hindu,2014-07-28,0,0,1,0,https://www.thehindu.com/in-school/signpost/had-the-asteroid-hit-at-a-different-time/article6258050.ece,Had the asteroid hit at a different time…,{'acid rain': 1}
28,Hindu,2020-11-17,1,1,1,1,https://www.thehindu.com/news/cities/kolkata/kolkata-witnesses-quietest-and-cleanest-deepavali/article33111149.ece,Kolkata witnesses quietest and cleanest Deepavali,"{'air quality': 2, 'pm 2.5': 2, 'aqi': 2}"
29,Hindu,2015-06-17,1,1,1,1,https://www.thehindu.com/sci-tech/energy-and-environment/cleaner-air-could-save-14-million-lives-in-india-china/article7326215.ece,"Cleaner air could save 1.4 million lives in India, China","{'air pollution': 7, 'air quality': 5}"
30,TOI,2019-09-11,1,1,1,1,http://timesofindia.indiatimes.com//city/delhi/aap-stealing-credit-for-cleaner-air-in-delhi-bjp/articleshow/71074935.cms,AAP stealing credit for cleaner air in Delhi: BJP,{'air pollution': 2}
31,TOI,2016-03-19,1,1,1,1,http://timesofindia.indiatimes.com//city/ahmedabad/Gujarat-govt-mulls-taking-old-diesel-vehicles-off-roads/articleshow/51466190.cms,Gujarat govt mulls taking old diesel vehicles off roads,{'air pollution': 1}
32,TOI,2018-12-12,1,1,1,1,http://timesofindia.indiatimes.com//city/mumbai/its-not-just-delhi-that-breathes-polluted-air/articleshow/67052277.cms,It's not just Delhi that breathes polluted air,"{'air pollution': 5, 'air quality': 2, 'pm2.5': 3, 'crop burning': 1, 'smog': 1}"
33,Hindu,2017-11-13,1,1,1,1,https://www.thehindu.com/news/national/sc-notice-to-centre-3-states-on-plea-to-curb-pollution-in-delhi-ncr/article20380039.ece,"SC issues notice to Centre, 3 States on plea to curb pollution in Delhi-NCR ","{'air pollution': 2, 'smog': 1, 'stubble burning': 1, 'pm10': 1}"
34,TOI,2020-10-16,1,1,1,1,http://timesofindia.indiatimes.com//city/delhi/drive-against-idling-cars-at-traffic-lights/articleshow/78689472.cms,Drive against idling cars at traffic lights in Delhi,"{'air pollution': 3, 'pm10': 1, 'pm2.5': 2, 'stubble burning': 1}"
35,TOI,2020-11-04,1,1,1,1,http://timesofindia.indiatimes.com//city/dehradun/open-garbage-burning-polluting-air-locals-complain-of-health-issues/articleshow/79027118.cms,"Open garbage burning polluting air, locals complain of health issues","{'air pollution': 1, 'air quality': 1}"
36,TOI,2019-10-08,1,1,1,1,http://timesofindia.indiatimes.com//city/delhi/govt-to-soon-take-call-on-odd-even-exemptions/articleshow/71484726.cms,Delhi govt to soon take call on odd-even exemptions,"{'air pollution': 3, 'stubble burning': 1}"
37,Hindu,2016-01-12,1,1,1,1,https://www.thehindu.com/opinion/op-ed/Trying-and-testing-the-car-formula/article13994216.ece,Trying and testing the car formula,"{'air quality': 10, 'aqi': 2, 'pm2.5': 3, 'air pollution': 2}"
38,TOI,2014-01-16,1,0,0,0,http://timesofindia.indiatimes.com//city/nagpur/HC-asks-NHAI-to-plant-2000-trees-for-felled-ones/articleshow/28855540.cms,"HC asks NHAI to plant 2,000 trees for felled ones",{'air pollution': 1}
39,TOI,2020-01-17,1,1,1,1,http://timesofindia.indiatimes.com//city/patna/environ-protection-govts-priority-cm/articleshow/73308589.cms,Environment protection government’s priority: Bihar CM Nitish Kumar,{'air pollution': 2}
40,TOI,2013-07-14,1,1,1,1,http://timesofindia.indiatimes.com//city/chandigarh/Commuting-riskier-now-Report/articleshow/21063460.cms,Commuting riskier now: Report,{'air pollution': 1}
41,TOI,2019-12-27,1,1,1,1,http://timesofindia.indiatimes.com//city/patna/3-air-monitoring-stations-linked-to-cpcb-server/articleshow/72985152.cms,3 air monitoring stations linked to CPCB server,"{'air quality': 6, 'aqi': 5}"
42,Hindu,2018-12-11,1,1,1,1,https://www.thehindu.com/news/cities/Delhi/delhis-air-quality-remains-severe-for-second-day-authorities/article25717242.ece,Delhi’s air quality remains severe for second day,"{'air quality': 13, 'aqi': 6, 'pm2.5': 1, 'pm10': 1}"
43,Hindu,2019-03-11,1,1,1,1,https://www.thehindu.com/news/cities/Delhi/assess-damage-to-waterbodies-due-to-inaction-by-authorities-says-ngt/article26489932.ece,"Assess damage to waterbodies due to inaction by authorities, says NGT",{'air pollution': 1}
44,TOI,2015-05-02,1,1,1,1,http://timesofindia.indiatimes.com//city/delhi/Centre-calls-meet-with-NCR-states/articleshow/47126980.cms,Centre calls meet with NCR states,{'air pollution': 1}
45,TOI,2019-12-24,1,1,1,1,http://timesofindia.indiatimes.com//city/nagpur/mahagenco-shut-down-power-plant-to-fudge-pollution-stats/articleshow/72945113.cms,Mahagenco shut down power plant to fudge pollution stats,"{'sulphur dioxide': 1, 'so2': 3}"
46,TOI,2012-06-15,1,1,1,1,http://timesofindia.indiatimes.com//home/environment/the-good-earth/Green-drive-pays-off/articleshow/14141279.cms,Green drive pays off,
47,TOI,2019-08-19,1,1,1,1,http://timesofindia.indiatimes.com//city/gurgaon/rain-cleans-up-air-more-showers-likely/articleshow/70729783.cms,"Rain cleans up air, more showers likely","{'air quality': 3, 'aqi': 2}"
48,Hindu,2020-11-13,1,1,1,1,https://www.thehindu.com/news/cities/Thiruvananthapuram/cracker-curbs-for-xmas-new-year-too-in-thiruvananthapuram/article33088156.ece,"Cracker curbs for Xmas, New Year too in Thiruvananthapuram","{'air pollution': 1, 'air quality': 1}"
49,Hindu,2017-10-14,1,1,1,1,https://www.thehindu.com/news/cities/Delhi/ngt-seeks-report-from-punjab-on-stubble-burning/article19857252.ece,NGT seeks report from Punjab on stubble burning,{'stubble burning': 1}
50,TOI,2021-02-24,1,1,1,1,https://timesofindia.indiatimes.com/city/chennai/tn-to-get-12k-new-buses-rs-623cr-provided-for-initial-procurement/articleshow/81179559.cms,"Tamil Nadu to get 12k new buses, Rs 623 crore provided for initial procurement",{'air pollution': 1}
51,Hindu,2017-12-30,1,1,1,1,https://www.thehindu.com/news/cities/Delhi/citizens-petition-appeals-for-action/article22329194.ece,Citizens’ petition appeals for action,"{'air pollution': 2, 'air quality': 1}"
52,TOI,2016-11-09,1,0,0,0,http://timesofindia.indiatimes.com//city/goa/Galgibaga-illegality-irks-villagers/articleshow/55320701.cms,Galgibaga ‘illegality’ irks villagers,{'air pollution': 1}
53,TOI,2019-11-19,1,1,1,1,http://timesofindia.indiatimes.com//city/chandigarh/centre-seeks-progress-report-on-air-pollution-control-in-ut/articleshow/72116702.cms,Centre seeks progress report on air pollution control in UT,"{'air pollution': 2, 'air quality': 1, 'stubble burning': 1}"
54,Hindu,2015-12-09,1,1,1,1,https://www.thehindu.com/news/national/other-states/pollution-could-deface-monuments/article7962899.ece,Pollution could deface monuments,"{'air pollution': 5, 'acid rain': 3, 'air quality': 1, 'sulphur dioxide': 1}"
55,TOI,2016-06-26,1,1,1,1,http://timesofindia.indiatimes.com//city/ahmedabad/City-needs-1-81-crore-trees-to-breathe-easy/articleshow/52921715.cms,City needs 1.81 crore trees to breathe easy,"{'carbon dioxide': 1, 'co2': 9, 'carbon monoxide': 2}"
56,Hindu,2017-01-07,1,0,0,0,https://www.thehindu.com/business/Industry/Eveready-eyes-air-purifiers-as-appliances-find-takers/article17005422.ece,Eveready eyes air purifiers as appliances find takers,{'air pollution': 1}
57,TOI,2021-04-18,0,0,1,0,http://timesofindia.indiatimes.com//city/allahabad/pmc-undertakes-massive-sanitisation-drive-amid-surge-in-covid-19-cases/articleshow/82122544.cms,PMC undertakes massive sanitisation drive amid surge in Covid-19 cases,{'smog': 1}
58,TOI,2013-11-03,1,1,1,1,http://timesofindia.indiatimes.com//city/lucknow/Toxic-gases-emitted-by-firecrackers-harmful-for-asthma-patients-Experts/articleshow/25151436.cms,Toxic gases emitted by firecrackers harmful for asthma patients: Experts,{'air pollutants': 1}
59,TOI,2015-12-16,1,1,1,1,http://timesofindia.indiatimes.com//city/amritsar/CSE-State-Indias-cancer-capital/articleshow/50197826.cms,CSE: State India's cancer capital,{'air pollution': 1}
60,TOI,2019-11-21,1,1,1,1,http://timesofindia.indiatimes.com//city/agra/404-farmers-in-aligarh-mathura-fined-for-stubble-burning/articleshow/72149015.cms,"404 farmers in Aligarh, Mathura fined for stubble burning","{'stubble burning': 3, 'crop burning': 1}"
61,TOI,2018-01-30,1,1,1,1,http://timesofindia.indiatimes.com//city/noida/farmers-seek-nrega-wages-to-clear-crop-waste/articleshow/62701744.cms,Farmers seek NREGA wages to clear crop waste,"{'air pollution': 1, 'crop burning': 1}"
62,Hindu,2020-12-31,1,1,1,1,https://www.thehindu.com/news/cities/Delhi/on-new-years-eve-air-quality-very-poor-in-ncr-cities/article33465232.ece,"On New Year’s eve, air quality ‘very poor’ in NCR cities","{'aqi': 7, 'air quality': 2, 'pm 2.5': 1, 'pm 10': 1}"
63,TOI,2020-09-29,1,1,1,1,http://timesofindia.indiatimes.com//city/chandigarh/dc-bans-paddy-harvesting-without-straw-mgmt-system/articleshow/78374178.cms,DC bans paddy harvesting without straw mgmt system,{'stubble burning': 1}
64,TOI,2019-02-06,1,1,1,1,http://timesofindia.indiatimes.com//city/gurgaon/pollution-high-at-upscale-addresses-in-gurgaon-says-study/articleshow/67859158.cms,"Pollution high at upscale addresses in Gurugram, says study","{'air quality': 8, 'aqi': 8, 'air pollution': 2}"
65,TOI,2020-11-20,1,1,1,1,http://timesofindia.indiatimes.com//city/agra/rainfall-helps-improve-agra-aqi-but-still-worse-than-last-yr/articleshow/79309472.cms,Rainfall helps improve Agra AQI but still worse than last year,"{'aqi': 5, 'air quality': 2, 'air pollution': 1, 'stubble burning': 1}"
66,TOI,2017-10-04,1,1,1,1,http://timesofindia.indiatimes.com//city/delhi/cm-calls-urgent-meet-on-metro-fare-hike/articleshow/60930633.cms,CM calls urgent meet on Metro fare hike,{'air pollution': 1}
67,Hindu,2019-09-10,1,1,1,1,https://www.thehindu.com/news/cities/Delhi/adopt-measures-to-monitor-air-quality-haryana-cs/article29378242.ece,Adopt measures to monitor air quality: Haryana CS,{'air quality': 1}
68,TOI,2015-02-10,1,1,1,1,http://timesofindia.indiatimes.com//city/bengaluru/Green-cover-halves-as-concrete-jungle-grows-13-times-over/articleshow/46179381.cms,Green cover halves as concrete jungle grows 13 times over,{'air pollutants': 1}
69,TOI,2015-03-14,1,1,1,1,http://timesofindia.indiatimes.com//city/jaipur/Asthma-among-kids-doubled-in-past-one-decade-Experts/articleshow/46559661.cms,Asthma among kids doubled in past one decade: Experts,{'pm10': 2}
70,TOI,2017-12-03,0,1,0,0,http://timesofindia.indiatimes.com//city/navi-mumbai/taloja-waste-treatment-plant-repairs-begin/articleshow/61896806.cms,Taloja waste treatment plant repairs begin,{'air pollution': 1}
71,TOI,2018-07-31,1,1,1,1,http://timesofindia.indiatimes.com//city/delhi/hc-emergency-efforts-needed-to-clear-drains/articleshow/65204913.cms,Delhi HC: Emergency efforts needed to clear drains,{'air pollution': 1}
72,TOI,2020-02-27,1,1,1,1,http://timesofindia.indiatimes.com//city/nashik/notices-served-to-92-industrial-units-for-air-pollution/articleshow/74325344.cms,Notices served to 92 industrial units for air pollution,{'air pollution': 4}
73,TOI,2021-02-18,1,1,1,1,http://timesofindia.indiatimes.com//city/delhi/mercury-to-stay-on-higher-side-in-delhi-for-the-next-five-days/articleshow/81078906.cms,Mercury to stay on higher side in Delhi for the next five days,"{'air quality': 1, 'aqi': 2}"
74,Hindu,2020-09-02,1,1,1,1,https://www.thehindu.com/news/cities/Delhi/august-2020-had-four-good-air-quality-days/article32500322.ece,August 2020 had four ‘good’ air quality days,"{'aqi': 6, 'air quality': 5}"
75,TOI,2014-08-14,1,1,1,1,http://timesofindia.indiatimes.com//city/chennai/Stations-to-measure-real-time-air-quality-at-dump-yards/articleshow/40218499.cms,Stations to measure real time air quality at dump yards,"{'air pollution': 5, 'air quality': 3}"
76,TOI,2020-11-17,1,1,1,1,http://timesofindia.indiatimes.com//business/india-business/demand-for-air-purifiers-shoots-up/articleshow/79254469.cms,Demand for air purifiers shoots up,"{'air quality': 1, 'smog': 1, 'pm 2.5': 1, 'aqi': 1}"
77,Hindu,2015-12-01,1,1,1,1,https://www.thehindu.com/news/cities/Kochi/free-drinking-water-top-priority-in-eloor/article7935598.ece,Free drinking water top priority in Eloor,{'air pollution': 1}
78,Hindu,2017-10-31,1,1,1,1,https://www.thehindu.com/sci-tech/energy-and-environment/climate-change-taking-a-toll-on-global-health-lancet/article19951819.ece,Climate change taking a toll on global health: Lancet,{'air pollution': 2}
79,TOI,2020-11-20,1,1,1,1,http://timesofindia.indiatimes.com//city/delhi/delhi-mercury-at-9-4c-seasons-lowest/articleshow/79313504.cms,"Delhi: Mercury at 9.4°C, season’s lowest","{'air quality': 3, 'aqi': 2, 'stubble burning': 1, 'pm2.5': 1}"
80,TOI,2019-11-25,1,1,1,1,http://timesofindia.indiatimes.com//city/jaipur/mild-showers-in-many-places-winter-yet-to-set-in/articleshow/72214094.cms,"Mild showers in many places, winter yet to set in","{'smog': 1, 'air quality': 1, 'aqi': 1}"
81,TOI,2010-06-05,1,1,1,1,http://timesofindia.indiatimes.com//home/environment/pollution/Every-Breath-You-Take/articleshow/6012887.cms,Every Breath You Take,"{'air pollution': 5, 'air quality': 1, 'pm10': 5, 'ozone': 1, 'nitrogen dioxide': 1}"
82,TOI,2018-10-10,1,1,1,1,http://timesofindia.indiatimes.com//life-style/spotlight/student-researchers-analyse-ozone-concentration-in-bengaluru/articleshow/66134890.cms,Student researchers analyse ozone concentration in Bengaluru,{'ozone': 6}
83,Hindu,2017-04-17,1,1,1,1,https://www.thehindu.com/opinion/op-ed/carpool-for-cleaner-air/article18072106.ece,Carpool for cleaner air,"{'air pollution': 8, 'pm2.5': 1}"
84,TOI,2018-12-03,1,1,1,1,http://timesofindia.indiatimes.com//city/gurgaon/gurgaon-to-get-15-new-stations-for-better-air-quality-study/articleshow/66912391.cms,Gurgaon to get 15 new stations for better air quality study,"{'air quality': 4, 'pm2.5': 2, 'pm10': 2, 'aqi': 3}"
85,TOI,2011-07-27,1,1,1,1,http://timesofindia.indiatimes.com//city/pune/Environment-report-highlights-the-negative-side-of-Pune-growth-story/articleshow/9378442.cms,Environment report highlights the negative side of Pune growth story,"{'so2': 1, 'pm10': 2}"
86,Hindu,2021-01-24,1,1,1,1,https://www.thehindu.com/sci-tech/energy-and-environment/the-hindu-explains-what-are-the-implications-of-us-president-joe-biden-rejoining-the-paris-climate-agreement/article33646234.ece,The Hindu Explains | What are the implications of U.S. President Joe Biden rejoining the Paris climate agreement?,"{'air quality': 1, 'co2': 1, 'carbon dioxide': 1}"
87,TOI,2015-07-14,1,1,1,1,http://timesofindia.indiatimes.com//home/environment/pollution/Petitioner-rebuts-govt-arguments/articleshow/48061452.cms,Petitioner rebuts govt arguments,"{'air pollution': 1, 'pm 2.5': 1, 'air quality': 2, 'pm10': 1}"
88,Hindu,2014-05-04,1,1,1,1,https://www.thehindu.com/news/cities/bangalore/needed-basic-amenities/article5976073.ece,Needed: basic amenities,{'air pollution': 1}
89,TOI,2019-03-17,1,1,1,1,http://timesofindia.indiatimes.com//city/ludhiana/57-drop-in-stubble-burning-in-punjab-pau-vc/articleshow/68444788.cms,57% drop in stubble burning in Punjab: PAU VC,{'stubble burning': 1}
90,TOI,2011-09-06,1,1,1,1,http://timesofindia.indiatimes.com//city/delhi/For-20-yrs-Rajghat-gas-plants-lacked-green-nod/articleshow/9878082.cms,"For 20 yrs, Rajghat, gas plants lacked green nod",{'air pollutants': 1}
91,TOI,2020-02-05,1,1,1,1,http://timesofindia.indiatimes.com//city/dehradun/ukhand-to-monitor-air-quality-across-all-13-dists/articleshow/73943256.cms,Uttarakhand to monitor air quality across all 13 districts,"{'air pollution': 1, 'air quality': 11, 'pm 2.5': 1, 'pm 10': 1}"
92,Hindu,2017-08-12,1,1,1,1,https://www.thehindu.com/news/cities/Delhi/delhi-asks-neighbours-to-control-crop-burning/article19482813.ece,Delhi asks neighbours to control crop burning,"{'air pollution': 4, 'crop burning': 3, 'air quality': 1}"
93,TOI,2016-12-10,1,1,1,1,http://timesofindia.indiatimes.com//city/thane/thane-municipal-corporation-plans-to-install-mega-air-purifiers-at-busy-junctions/articleshow/55914577.cms,Thane Municipal Corporation plans to install mega air purifiers at busy junctions,"{'air quality': 1, 'air pollution': 1}"
94,Hindu,2020-11-15,1,1,1,1,https://www.thehindu.com/news/cities/Tiruchirapalli/40-booked-for-violating-cracker-bursting-norms/article33102859.ece,40 booked for violating cracker bursting norms,"{'air quality': 2, 'nitrogen dioxide': 1, 'sulphur dioxide': 1}"
95,TOI,2020-10-11,1,1,1,1,http://timesofindia.indiatimes.com//city/nagpur/environment-ministry-allows-thermal-power-plants-to-use-high-ash-coal/articleshow/78596268.cms,Environment ministry allows thermal power plants to use high ash coal,{'air pollution': 1}
96,TOI,2020-04-05,1,1,1,1,http://timesofindia.indiatimes.com//city/bengaluru/coronavirus-in-bengaluru-latest-news-live-updates-on-bengaluru-corona-cases-deaths-05-april-2020/articleshow/74989728.cms,Bengaluru lockdown news: Today's updates from your city,"{'air quality': 2, 'aqi': 1}"
97,TOI,2011-04-25,1,1,1,1,http://timesofindia.indiatimes.com//city/mumbai/Building-bridges-to-bad-air-noise/articleshow/8075844.cms,"Building bridges to bad air, noise",{'air pollution': 2}
98,TOI,2018-10-18,1,1,1,1,http://timesofindia.indiatimes.com//city/delhi/first-red-mark-in-delhi-airs-report-card-and-its-likely-to-get-worse/articleshow/66267219.cms,First red mark in Delhi air’s report card and it’s likely to get worse,"{'air quality': 3, 'aqi': 2, 'pm2.5': 3, 'pm10': 2, 'stubble burning': 2}"
99,Hindu,2018-07-18,0,1,0,0,https://www.thehindu.com/news/cities/chennai/plan-to-restore-pallikaranai-marshland-at-an-advanced-stage-says-corporation-commissioner/article24446775.ece,"Plan to restore Pallikaranai marshland at an advanced stage, says Corporation Commissioner ",{'air pollution': 1}
100,Hindu,2020-12-22,1,1,1,1,https://www.thehindu.com/news/national/karnataka/waste-management-cleaner-transport-key-to-clean-air-plans/article33388605.ece,"Waste management, cleaner transport key to clean air plans ","{'air pollution': 2, 'air quality': 3}"
101,Hindu,2018-07-29,1,1,1,1,https://www.thehindu.com/children/when-priestley-isolated-a-new-air/article24494419.ece,When Priestley isolated a new “air”,{'air quality': 1}
102,Hindu,2021-02-12,1,1,1,1,https://www.thehindu.com/society/can-i-tell-you-a-joke/article33819833.ece,Can I tell you a joke?,"{'air pollution': 1, 'pm2.5': 1, 'pm10': 1}"
103,Hindu,2015-03-11,1,1,1,1,https://www.thehindu.com/news/cities/bangalore/waste-is-a-major-contributor-to-air-pollution-says-expert/article6980112.ece,"Waste is a major contributor to air pollution, says expert",{'air pollution': 1}
104,TOI,2015-08-29,1,1,1,1,http://timesofindia.indiatimes.com//city/delhi/Government-works-to-decide-end-of-life-for-vehicles/articleshow/48716943.cms,Government works to decide 'end of life' for vehicles,{'pm 2.5': 1}
105,TOI,2017-03-18,1,1,1,1,http://timesofindia.indiatimes.com//city/noida/hot-mix-plant-ban-stops-road-repair-work-in-noida/articleshow/57697539.cms,Hot-mix plant ban stops road repair work in Noida,"{'air pollution': 1, 'air quality': 1}"
106,TOI,2017-11-12,1,1,1,1,http://timesofindia.indiatimes.com//home/sunday-times/the-quit-delhi-movement/articleshow/61609387.cms,The Quit Delhi Movement?,"{'air pollution': 2, 'air quality': 3, 'smog': 1}"
107,Hindu,2016-11-12,1,1,1,1,https://www.thehindu.com/news/cities/Delhi/Students-write-to-PM-demand-%E2%80%98clean-air-day%E2%80%99/article16443308.ece,"Students write to PM, demand ‘clean air day’","{'air pollution': 2, 'crop burning': 1}"
108,TOI,2011-12-18,1,1,1,1,http://timesofindia.indiatimes.com//city/chandigarh/Dim-view-Kit-yourself-for-sharp-drop-in-visibility/articleshow/11151231.cms,Dim view: Kit yourself for sharp drop in visibility,{'smog': 2}
109,TOI,2018-07-08,1,1,1,1,http://timesofindia.indiatimes.com//city/delhi/cbses-paperless-exams-save-50000-trees-rs-100-crore/articleshow/64901379.cms,"By going paperless, CBSE saves 50,000 trees and Rs 100 crore",{'air pollution': 1}
110,TOI,2014-08-23,1,0,0,0,http://timesofindia.indiatimes.com//india/Riot-hit-Saharanpur-prays-for-calm-as-bypoll-looms/articleshow/40728830.cms,Riot-hit Saharanpur prays for calm as bypoll looms,{'acid rain': 1}
111,TOI,2016-12-27,1,1,1,1,http://timesofindia.indiatimes.com//city/gurgaon/Monday-breaks-haze-spell-but-pollution-remains-high/articleshow/56191936.cms,Monday breaks haze spell but pollution remains high,"{'air pollution': 1, 'air quality': 1, 'aqi': 1, 'pm2.5': 4}"
112,TOI,2019-08-28,1,1,1,1,http://timesofindia.indiatimes.com//city/patna/4-new-air-quality-monitoring-stations-in-patna-by-october-sumo/articleshow/70864617.cms,Four new air quality monitoring stations in Patna by October: Sushil Kumar Modi,"{'air pollution': 1, 'air quality': 3, 'pm2.5': 1}"
113,TOI,2018-11-24,1,1,1,1,http://timesofindia.indiatimes.com//city/gurgaon/sirsa-administration-plans-to-penalise-entire-village-for-fault-of-one/articleshow/66778935.cms,Sirsa administration plans to penalise entire village for fault of one,{'stubble burning': 2}
114,Hindu,2015-03-24,1,0,0,0,https://www.thehindu.com/news/national/tamil-nadu/adding-on-to-oxygen-kitty/article7026661.ece,Adding on to oxygen kitty,{'air pollution': 1}
115,TOI,2010-03-24,1,1,1,1,http://timesofindia.indiatimes.com//city/chennai/Fog-forces-diversion-of-city-flights/articleshow/5717420.cms,Fog forces diversion of city flights,{'smog': 4}
116,TOI,2019-11-18,1,1,1,1,http://timesofindia.indiatimes.com//city/gurgaon/more-farm-fires-in-punjab-dushyant-chautala/articleshow/72102470.cms,More farm fires in Punjab : Dushyant Chautala,"{'air pollution': 1, 'stubble burning': 3}"
117,TOI,2016-10-27,1,1,1,1,http://timesofindia.indiatimes.com//city/chennai/How-to-reduce-noise-pollution-and-have-an-eco-friendly-Deepavali/articleshow/55068972.cms,How to reduce noise pollution and have an eco-friendly Deepavali,{'air pollution': 1}
118,TOI,2019-11-03,1,1,1,1,http://timesofindia.indiatimes.com//city/kolkata/pcb-pushes-for-sat-based-pollution-tracking-lpg-for-chullah-drive-starts/articleshow/71872470.cms,PCB pushes for satellite-based pollution tracking; LPG-for-chullah drive starts in Kolkata,"{'air pollution': 4, 'air quality': 2}"
119,TOI,2014-12-20,1,1,1,1,http://timesofindia.indiatimes.com//city/kolkata/Dist-officers-must-aid-river-clean-up/articleshow/45579921.cms,‘Dist officers must aid river clean-up’,{'air quality': 1}
120,Hindu,2011-11-06,1,1,1,1,https://www.thehindu.com/news/cities/Vijayawada/garbage-disposal-vmc-mulls-green-way/article2603856.ece,Garbage disposal: VMC mulls green way,"{'carbon monoxide': 1, 'sulphur dioxide': 1}"
121,TOI,2011-02-04,1,1,1,1,http://timesofindia.indiatimes.com//city/lucknow/Cancer-in-UP-to-rise-by-56-in-10-yrs-WHO/articleshow/7421668.cms,Cancer in UP to rise by 56% in 10 yrs: WHO,{'air pollution': 1}
122,Hindu,2018-11-08,1,1,1,1,https://www.thehindu.com/opinion/op-ed/advancing-bs-vi-emission-norms/article25438769.ece,Advancing BS-VI emission norms,{'air pollution': 1}
123,TOI,2015-12-20,1,1,1,1,http://timesofindia.indiatimes.com//city/delhi/Pre-2005-trucks-cant-enter-Delhi/articleshow/50251450.cms,Pre-2005 trucks can’t enter Delhi,{'air pollution': 1}
124,TOI,2011-01-10,1,1,1,1,http://timesofindia.indiatimes.com//home/science/More-than-a-bike-but-less-than-a-car-A-way-to-beat-traffic-jams/articleshow/7251084.cms,More than a bike but less than a car: A way to beat traffic jams?,{'air quality': 1}
125,Hindu,2017-12-14,1,1,1,1,https://www.thehindu.com/news/cities/bangalore/as-dust-level-rises-so-does-demand-for-mechanical-sweepers-from-residents/article21616607.ece," As dust level rises, so does demand for mechanical sweepers from residents","{'pm 2.5': 1, 'pm 10': 1}"
126,TOI,2017-04-08,1,1,1,1,http://timesofindia.indiatimes.com//citizen-reporter/stories/civic-workers-burn-garbage/articleshow/58075279.cms,Civic workers burn garbage,{'air pollution': 1}
127,Hindu,2018-06-15,1,1,1,1,https://www.thehindu.com/news/cities/chennai/herbal-solution-for-air-pollution/article24173029.ece,‘Herbal’ solution for air pollution?,{'air pollution': 1}
128,TOI,2019-11-05,1,1,1,1,http://timesofindia.indiatimes.com//city/delhi/15-lakh-cars-off-road-just-255-fined-as-capital-complies-with-odd-even/articleshow/71913877.cms,"15 lakh cars off road, just 255 fined, as capital complies with odd-even",{'air quality': 1}
129,Hindu,2016-03-27,0,0,1,0,https://www.thehindu.com/features/metroplus/Pedalling-to-glory/article14177984.ece,Pedalling to glory,{'smog': 1}
130,TOI,2015-04-25,1,1,1,1,http://timesofindia.indiatimes.com//city/delhi/Experts-urge-Delhi-govt-to-work-out-implementation-plan-to-curb-pollution/articleshow/47044890.cms,Experts urge Delhi govt to work out implementation plan to curb pollution,"{'air pollution': 2, 'air quality': 1, 'pm 2.5': 2}"
131,TOI,2020-01-06,1,1,1,1,http://timesofindia.indiatimes.com//city/chennai/young-minds-provide-new-solutions-to-old-problems/articleshow/73114076.cms,Young minds provide new solutions to old problems,"{'air pollution': 2, 'stubble burning': 2}"
132,TOI,2020-11-10,1,1,1,1,http://timesofindia.indiatimes.com//city/agra/3-killed-7-hurt-after-8-vehicles-pile-up-on-yamuna-eway-due-to-smog/articleshow/79135505.cms,"Three killed, 7 hurt after 8 vehicles pile up on Yamuna eway due to smog",{'smog': 2}
133,TOI,2016-02-01,1,0,0,0,http://timesofindia.indiatimes.com//city/ahmedabad/AHMEDABAD-LETS-GET-SMART-Waste-bomb-ticking-at-Pirana/articleshow/50802588.cms,AHMEDABAD LETS GET SMART - Waste bomb ticking at Pirana,{'smog': 1}
134,Hindu,2019-11-18,1,1,1,1,https://www.thehindu.com/news/national/other-states/wbpcb-plans-to-offer-gas-connection-to-roadside-food-vendors/article30005170.ece,WBPCB plans to offer gas connection to roadside food vendors,"{'air pollution': 3, 'air quality': 1}"
135,TOI,2015-11-09,1,1,1,1,http://timesofindia.indiatimes.com//city/noida/Traffic-cops-take-pledge-for-pollution-free-Diwali/articleshow/49717791.cms,Traffic cops take pledge for pollution-free Diwali,{'smog': 1}
136,TOI,2011-12-29,1,1,1,1,http://timesofindia.indiatimes.com//city/chennai/Awareness-up-but-more-green-action-needed/articleshow/11286970.cms,Awareness up but more green action needed,{'air pollution': 1}
137,Hindu,2020-11-09,1,1,1,1,https://www.thehindu.com/opinion/op-ed/covid-19-climate-and-carbon-neutrality/article33053563.ece,"COVID-19, climate and carbon neutrality ","{'air pollution': 2, 'ozone': 2}"
138,TOI,2020-11-17,1,1,1,1,http://timesofindia.indiatimes.com//city/ghaziabad/air-quality-improves-from-severe-to-poor-but-may-worsen-again-today/articleshow/79254087.cms,"Air quality improves from severe to poor, but may worsen again today","{'air quality': 6, 'aqi': 10, 'pm2.5': 1, 'stubble burning': 1}"
139,Hindu,2017-03-15,1,1,1,1,https://www.thehindu.com/news/cities/Hyderabad/hyderabad-outranks-rest-of-india-in-quality-of-living/article17463957.ece,Hyderabad outranks rest of India in quality of living,{'air pollution': 1}
140,Hindu,2017-01-21,1,1,1,1,https://www.thehindu.com/news/cities/Hyderabad/TS-to-adopt-South-Korea-tech-to-clean-Musi/article17069958.ece,TS to adopt South Korea tech to clean Musi,{'air pollution': 1}
141,Hindu,2015-05-05,1,1,1,1,https://www.thehindu.com/news/national/karnataka/barely-one-in-10-children-unaffected-by-air-quality/article7172093.ece,Barely one in 10 children unaffected by air quality,"{'air pollution': 2, 'air quality': 1}"
142,Hindu,2017-05-31,1,1,1,1,https://www.thehindu.com/news/cities/mumbai/mumbai-airport-flies-high-on-carbon-neutrality/article18662517.ece,Mumbai airport flies high on carbon neutrality,{'air quality': 1}
143,Hindu,2019-04-29,1,1,1,1,https://www.thehindu.com/life-and-style/inside-mindspace-the-first-commercial-business-park-in-hyderabad-to-receive-indian-green-building-councils-gold-rating/article26979769.ece,Worth more than gold,{'air quality': 3}
144,Hindu,2012-03-17,1,1,1,1,https://www.thehindu.com/features/magazine/dancing-with-dolphins/article3002728.ece,Dancing with dolphins,{'smog': 1}
145,TOI,2020-11-09,1,1,1,1,http://timesofindia.indiatimes.com//city/faridabad/delhi-ncr-air-stays-severe/articleshow/79120002.cms,Delhi-NCR's AQI stays ‘severe’,"{'air quality': 7, 'aqi': 4, 'pm2.5': 2, 'pm10': 1, 'stubble burning': 1}"
146,TOI,2019-10-29,1,1,1,1,http://timesofindia.indiatimes.com//city/delhi/check-how-your-area-fared-day-after-diwali/articleshow/71797811.cms,Check how your area in Delhi fared day after Diwali,"{'pm2.5': 8, 'pm10': 6}"
147,TOI,2015-10-06,1,1,1,1,http://timesofindia.indiatimes.com//city/delhi/IGI-records-unusually-high-visibility/articleshow/49234830.cms,IGI records unusually high visibility,{'smog': 1}
148,TOI,2019-05-06,1,1,1,1,http://timesofindia.indiatimes.com//elections/lok-sabha-elections-2019/haryana/news/bjp-overlooked-problems-of-gurgaon-says-ajay-yadav/articleshow/69192352.cms,"BJP overlooked problems of Gurugram, says Ajay Yadav",{'air pollution': 1}
149,TOI,2020-11-12,1,1,1,1,http://timesofindia.indiatimes.com//city/jaipur/citys-air-quality-dips-docs-link-it-with-rising-covid-cases/articleshow/79180709.cms,"Jaipur’s air quality dips, doctors link it with rising Covid cases",{'air quality': 14}
150,TOI,2020-06-04,0,1,0,0,http://timesofindia.indiatimes.com//city/ludhiana/icar-ciphet-grants-license-to-2-women-entrepreneurs/articleshow/76185411.cms,ICAR-CIPHET grants license to two women entrepreneurs,{'ozone': 1}
151,TOI,2021-01-01,1,1,1,1,http://timesofindia.indiatimes.com//city/noida/very-poor-air-days-ahead-step-up-action-cpcb/articleshow/80055115.cms,"‘Very poor’ air days ahead, step up action: CPCB",{'air quality': 3}
152,TOI,2020-11-07,1,1,1,1,http://timesofindia.indiatimes.com//city/trichy/centre-to-monitor-trichy-real-time-to-come-up-at-corpn-office/articleshow/79091086.cms,Centre to monitor Trichy real time to come up at corpn office,{'air quality': 1}
153,Hindu,2015-12-30,1,1,1,1,https://www.thehindu.com/news/cities/Delhi/warm-weather-ensures-clean-air-for-next-few-days/article8043649.ece,Warm weather ensures clean air for next few days,"{'air quality': 4, 'pm2.5': 1, 'pm10': 2}"
154,TOI,2018-01-19,1,1,1,1,http://timesofindia.indiatimes.com//city/delhi/warmest-jan-day-in-8-years/articleshow/62561426.cms,Warmest January day in 8 years,"{'air quality': 2, 'aqi': 2}"
155,TOI,2018-11-30,1,1,1,1,http://timesofindia.indiatimes.com//city/coimbatore/30-electronic-display-boards-to-dot-city-roads-soon/articleshow/66873180.cms,30 electronic display boards to dot city roads soon,{'air pollution': 1}
156,TOI,2017-11-02,1,1,1,1,http://timesofindia.indiatimes.com//city/nagpur/citys-air-quality-worsened-during-festival-period-vnit-data/articleshow/61427442.cms,City’s air quality worsened during festival period: VNIT data,"{'air pollution': 2, 'air quality': 3, 'sulphur dioxide': 1, 'so2': 2}"
157,Hindu,2019-12-26,1,1,1,1,https://www.thehindu.com/news/cities/Delhi/real-time-monitoring-of-noise-levels-by-march/article30398746.ece,Real-time monitoring of noise levels by March,{'air quality': 1}
158,TOI,2018-02-10,1,1,1,1,http://timesofindia.indiatimes.com//citizen-reporter/stories/frequentburningofcrop2623393bsresidue/articleshow/62857838.cms,Frequent burning of crop's residue,{'air pollution': 1}
159,Hindu,2016-07-21,0,0,1,0,https://www.thehindu.com/features/kids/Blast-from-the-past/article14500917.ece,Blast from the past,{'sulphur dioxide': 1}
160,TOI,2016-11-12,1,1,1,1,http://timesofindia.indiatimes.com//city/lucknow/Good-rainfall-made-this-years-air-cleaner-than-last-years/articleshow/55380016.cms,Good rainfall made this year’s air cleaner than last year’s,"{'air quality': 1, 'pm2.5': 5, 'pm10': 5, 'smog': 1, 'air pollutants': 1}"
161,Hindu,2019-12-15,1,1,1,1,https://www.thehindu.com/news/national/other-states/mines-power-plants-causing-pollution-in-tamnar-gharghoda-region-ngt-team/article30308398.ece,"Mines, power plants causing pollution in Chhattisgarh's Tamnar-Gharghoda region: NGT team","{'air pollution': 2, 'air quality': 1, 'sulphur dioxide': 1}"
162,TOI,2016-08-17,1,1,1,1,http://timesofindia.indiatimes.com//city/nagpur/Going-horn-less-and-loving-it/articleshow/53730376.cms,Going horn-less and loving it!,{'air pollution': 1}
163,TOI,2016-03-25,1,1,1,1,http://timesofindia.indiatimes.com//india/Arvind-Kejriwal-named-among-worlds-50-greatest-leaders-by-Fortune/articleshow/51547512.cms,Arvind Kejriwal named among world's 50 greatest leaders by Fortune,"{'air pollution': 1, 'smog': 1}"
164,TOI,2016-06-01,1,1,1,1,http://timesofindia.indiatimes.com//city/hyderabad/Recipe-for-disaster-Roads-crumble-amid-SRDP-dreams/articleshow/52529035.cms,Recipe for disaster: Roads crumble amid SRDP dreams,{'air pollution': 1}
165,Hindu,2020-01-18,1,1,1,1,https://www.thehindu.com/news/cities/chennai/pedalling-a-sustainability-message/article30593703.ece,Pedalling a sustainability message,{'air pollution': 1}
166,TOI,2018-10-22,1,1,1,1,http://timesofindia.indiatimes.com//city/gurgaon/pollution-level-to-go-up-air-quality-remains-very-poor/articleshow/66308586.cms,"Pollution level to go up, air quality remains very poor","{'air pollution': 2, 'air quality': 1, 'aqi': 7, 'pm2.5': 1}"
167,TOI,2018-02-06,1,1,1,1,http://timesofindia.indiatimes.com//city/gurgaon/green-rules-flouted-18-puc-centres-on-radar/articleshow/62796309.cms,"Green rules flouted, 18 PUC centres on radar",{'air pollution': 1}
168,TOI,2019-10-04,1,1,1,1,http://timesofindia.indiatimes.com//city/delhi/out-of-nowhere-hail-sharp-showers-lash-city/articleshow/71430948.cms,"Out of nowhere, hail, sharp showers lash Delhi",{'aqi': 3}
169,TOI,2020-12-13,0,0,1,0,http://timesofindia.indiatimes.com//city/kolkata/man-dies-of-co-poisoning-two-days-after-wedding/articleshow/79699809.cms,Kolkata: Man dies of CO poisoning two days after wedding,{'carbon monoxide': 2}
170,Hindu,2016-03-09,1,1,1,1,https://www.thehindu.com/news/cities/Delhi/pollution-remains-in-floodplains-due-to-sink-effect-study/article8329320.ece,Pollution remains in floodplains due to sink effect: study,"{'air pollution': 1, 'pm2.5': 1, 'pm10': 2, 'pm 2.5': 1}"
171,TOI,2018-12-23,0,0,1,0,http://timesofindia.indiatimes.com//city/ghaziabad/2nd-autopsy-done-sailors-body-buried/articleshow/67212392.cms,"2nd autopsy done, sailor’s body buried",{'carbon monoxide': 1}
172,TOI,2015-03-21,1,1,1,1,http://timesofindia.indiatimes.com//home/environment/pollution/Fresh-air-calls-for-polio-like-drive/articleshow/46641621.cms,Fresh air calls for polio-like drive,"{'air pollution': 3, 'air quality': 5, 'pm10': 1, 'ozone': 1, 'pm 2.5': 1, 'so2': 1}"
173,TOI,2021-01-14,1,1,1,1,http://timesofindia.indiatimes.com//city/delhi/cold-wave-tightens-its-grip-on-delhi-very-dense-fog-expected-for-2-days/articleshow/80257752.cms,"Cold wave tightens its grip on Delhi, very dense fog expected for 2 days","{'air quality': 3, 'aqi': 1}"
174,TOI,2015-12-09,1,1,1,1,http://timesofindia.indiatimes.com//city/delhi/Beijing-smog-stays-despite-curbs/articleshow/50098435.cms,Beijing smog stays despite curbs,"{'air pollution': 3, 'air quality': 4, 'aqi': 3, 'pm2.5': 1}"
175,Hindu,2016-11-04,1,1,1,1,https://www.thehindu.com/news/cities/Delhi/Gurugram-sees-tenfold-spike-in-PM-2.5-levels-in-three-days/article16436165.ece,Gurugram sees tenfold spike in PM 2.5 levels in three days,"{'pm 2.5': 4, 'stubble burning': 2, 'smog': 1}"
176,Hindu,2018-05-03,1,1,1,1,https://www.thehindu.com/news/cities/mumbai/who-pollution-report-flawed-mpcb-officials/article23753363.ece,WHO pollution report flawed: MPCB officials,"{'air pollution': 5, 'air quality': 3, 'pm10': 1, 'pm 2.5': 3, 'pm 10': 2}"
177,TOI,2017-12-01,1,1,1,1,http://timesofindia.indiatimes.com//city/delhi/air-very-poor-again-may-not-improve-soon/articleshow/61872489.cms,Air very poor again; may not improve soon,"{'air quality': 3, 'aqi': 1}"
178,Hindu,2015-12-20,1,1,1,1,https://www.thehindu.com/news/cities/Delhi/ngt-orders-inspection-of-wastetoenergy-plants-in-delhi/article8009370.ece,NGT orders inspection of waste-to-energy plants in Delhi,{'air quality': 3}
179,TOI,2018-06-13,1,1,1,1,http://timesofindia.indiatimes.com//home/environment/global-warming/human-activities-sole-cause-for-warmer-india/articleshow/64564685.cms,Human activities sole cause for warmer India',{'air pollution': 2}
180,Hindu,2016-11-05,1,1,1,1,https://www.thehindu.com/news/national/tamil-nadu/Panchayat-union-school-students-display-projects-at-science-fair/article16437323.ece,Panchayat union school students display projects at science fair,{'ozone': 1}
181,TOI,2016-02-02,1,1,1,1,http://timesofindia.indiatimes.com//city/thane/Construction-More-Vehicles-To-Be-Blamed/articleshow/50811343.cms,"Construction, More Vehicles To Be Blamed",{'air quality': 2}
182,TOI,2019-06-08,1,1,1,1,http://timesofindia.indiatimes.com//city/delhi/heatwave-relents-but-relief-wont-last-long/articleshow/69697266.cms,"Delhi: Heatwave relents, but relief won’t last long","{'air quality': 2, 'pm2.5': 1, 'pm10': 1, 'ozone': 1}"
183,TOI,2018-08-03,1,1,1,1,http://timesofindia.indiatimes.com//city/mumbai/can-vertical-gardens-be-the-green-lung-that-mumbai-needs/articleshow/65242896.cms,Can vertical gardens be the green lung that Mumbai needs?,"{'air quality': 2, 'smog': 1}"
184,TOI,2011-10-21,1,1,1,1,http://timesofindia.indiatimes.com//city/hyderabad/Abattoir-butchers-rules/articleshow/10434624.cms,Abattoir butchers rules,{'air pollution': 1}
185,TOI,2019-06-23,1,1,1,1,http://timesofindia.indiatimes.com//city/delhi/4-day-rain-relief-from-today-met/articleshow/69909671.cms,4-day rain relief from today in Delhi: Met,"{'air quality': 5, 'aqi': 2, 'pm2.5': 1, 'ozone': 3}"
186,TOI,2016-06-05,1,1,1,1,http://timesofindia.indiatimes.com//life-style/fashion/buzz/World-Environment-Day-2016-Whats-fashions-role/articleshow/52599342.cms,World Environment Day: Fashion is the dirtiest polluter,{'air quality': 1}
187,TOI,2010-05-22,0,1,0,0,http://timesofindia.indiatimes.com//life-style/health-fitness/health-news/The-cancer-attack/articleshow/5962115.cms,The cancer attack,{'ozone': 1}
188,TOI,2017-11-18,1,1,1,1,http://timesofindia.indiatimes.com//city/lucknow/sprinkling-to-impact-water-supply-later/articleshow/61697715.cms,Sprinkling to impact water supply later?,{'smog': 2}
189,Hindu,2019-01-18,1,1,1,1,https://www.thehindu.com/news/cities/Delhi/cpcb-slaps-fine-of-1-crore-each-on-municipal-bodies/article26019611.ece,CPCB slaps fine of ₹1 crore each on municipal bodies,{'air pollution': 1}
190,TOI,2018-05-13,1,1,1,1,http://timesofindia.indiatimes.com//citizen-reporter/stories/wastingresources/articleshow/64142815.cms,wasting resources,{'air quality': 1}
191,TOI,2015-12-11,1,1,1,1,http://timesofindia.indiatimes.com//city/delhi/If-Delhi-was-Beijing-it-would-shut-29-of-30-days/articleshow/50129301.cms,"If Delhi was Beijing, it would shut 29 of 30 days","{'air pollution': 1, 'air quality': 3, 'aqi': 7, 'pm10': 1, 'smog': 1}"
192,TOI,2019-06-04,1,1,1,1,http://timesofindia.indiatimes.com//city/delhi/some-relief-from-heat-delhi-may-see-light-rain/articleshow/69640583.cms,"Some relief from heat, Delhi may see light rain","{'air quality': 3, 'pm10': 2, 'ozone': 2}"
193,TOI,2016-01-27,1,1,1,1,http://timesofindia.indiatimes.com//humour/third-edit/Loud-and-clear-Indians-seem-to-have-the-worlds-greatest-lung-power/articleshow/50739867.cms,Loud and clear: Indians seem to have the world's greatest lung power,{'air pollution': 1}
194,TOI,2018-09-03,1,1,1,1,http://timesofindia.indiatimes.com//city/chennai/port-to-sweep-out-sooty-repute-gets-vacuum-vehicle/articleshow/65652561.cms,"Port to sweep out sooty repute, gets vacuum vehicle","{'air quality': 3, 'carbon monoxide': 1, 'sulphur dioxide': 1}"
195,TOI,2013-12-01,1,1,1,1,http://timesofindia.indiatimes.com//city/pune/Disregard-for-traffic-rules-not-BRTS-behind-accidents/articleshow/26654282.cms,"Disregard for traffic rules, not BRTS, behind accidents'",{'air pollution': 1}
196,TOI,2013-12-17,1,1,1,1,http://timesofindia.indiatimes.com//city/chennai/Vehicle-fumes-construction-dust-cause-drop-in-Adyar-air-quality/articleshow/27498813.cms,"Vehicle fumes, construction dust cause drop in Adyar air quality","{'air pollution': 2, 'air quality': 1}"
197,TOI,2016-11-27,1,1,1,1,http://timesofindia.indiatimes.com//city/delhi/I-agree-with-Kejriwal-government-in-99-of-cases-says-Najeeb-Jung/articleshow/55644506.cms,"I agree with Kejriwal government in 99% of cases, says Najeeb Jung",{'air pollution': 1}
198,TOI,2010-11-13,1,1,1,1,http://timesofindia.indiatimes.com//city/chandigarh/Smog-back-to-haunt-frequent-flyers-in-Chandigarh/articleshow/6916681.cms,Smog back to haunt frequent flyers in Chandigarh,{'smog': 1}
199,Hindu,2016-11-17,1,1,1,1,https://www.thehindu.com/news/cities/Delhi/NGT-questions-L-G%E2%80%99s-move-to-lift-ban-on-construction-in-Delhi/article16460010.ece,NGT questions L-G’s move to lift ban on construction in Delhi,"{'air pollution': 3, 'air quality': 3, 'pm2.5': 3, 'pm10': 3}"
